"coor";"lat";"lon"
"X110010";33.0937;35.1051
"X110021";33.0806;35.1079
"X110050";33.0861;35.1149
"X110100";33.0775;35.1434
"X110150";33.0716;35.1375
"X110180";33.0576;35.1054
"X110200";33.0563;35.1148
"X110220";33.0441;35.1472
"X110230";33.0437;35.1729
"X110250";33.0474;35.148
"X110300";33.0423;35.1108
"X110301";33.0378;35.1086
"X110330";33.034;35.1349
"X110340";33.0249;35.0963
"X110350";33.026;35.1065
"X110351";33.0311;35.1104
"X110390";33.0176;35.0996
"X110400";33.0017;35.0916
"X110450";33.0055;35.0949
"X110500";32.9927;35.0991
"X110501";32.9928;35.1004
"X110502";32.9927;35.1028
"X110520";32.9832;35.0852
"X110521";32.9836;35.0923
"X110550";32.9778;35.1007
"X110551";32.9778;35.1007
"X110552";32.9755;35.098
"X110570";32.962;35.0959
"X110600";32.9721;35.1489
"X110650";32.9507;35.0954
"X110695";32.9317;35.102
"X110700";32.9368;35.0874
"X110701";32.9377;35.0874
"X110702";32.9377;35.0874
"X110705";32.9368;35.0874
"X110706";32.9359;35.0874
"X110800";32.9259;35.082
"X110850";32.9341;35.1398
"X110870";32.9278;35.1569
"X110900";32.8971;35.0895
"X110950";32.9052;35.0954
"X110951";32.9025;35.0938
"X110970";32.9012;35.1676
"X110971";32.9007;35.1676
"X110972";32.9007;35.1676
"X110973";32.9031;35.1643
"X110974";32.9026;35.1665
"X110975";32.8989;35.1676
"X111000";32.8899;35.0981
"X111001";32.8926;35.1013
"X111040";32.8466;35.1123
"X111050";32.843;35.0907
"X111145";32.8466;35.1123
"X111150";32.8403;35.1281
"X111200";32.8258;35.0651
"X111250";32.8288;35.0737
"X111290";32.8222;35.0661
"X111300";32.8173;35.0713
"X111348";32.8324;35.1004
"X111349";32.8213;35.0822
"X111350";32.8213;35.0822
"X111400";32.8077;35.016
"X111450";32.8109;35.0415
"X111501";32.8101;35.071
"X111510";32.8028;35.0541
"X111530";32.8082;35.1133
"X111550";32.8042;35.1089
"X111551";32.8051;35.1057
"X111552";32.8051;35.1057
"X111580";32.8104;35.1033
"X111600";32.797;35.0523
"X111650";32.7915;35.1134
"X111699";32.7976;35.1138
"X111700";32.7976;35.115
"X111749";32.7934;35.1228
"X111750";32.793;35.1222
"X111751";32.7934;35.1228
"X111800";32.7544;35.0939
"X111802";32.7425;35.1005
"X120020";32.8279;34.97
"X120050";32.8148;34.9615
"X120060";32.8257;34.9567
"X120100";32.8221;34.9925
"X120150";32.8212;34.9914
"X120180";32.8283;34.9977
"X120200";32.8217;35.0003
"X120202";32.8223;34.9979
"X120250";32.81;34.9959
"X120300";32.8035;34.9838
"X120301";32.8059;34.9861
"X120350";32.7994;34.9834
"X120370";32.795;34.9864
"X120400";32.7842;34.986
"X120420";32.778;35.0225
"X120430";32.7845;35.0212
"X120450";32.7791;34.9959
"X120500";32.7659;34.9581
"X120501";32.7691;34.9593
"X120530";32.7736;35.0223
"X120550";32.746;35.0325
"X120551";32.7459;35.0325
"X120570";32.754;35.0163
"X120600";32.7648;35.0571
"X120601";32.7636;35.0566
"X120629";32.7611;35.0208
"X120630";32.7585;35.023
"X120650";32.7568;35.0267
"X120700";32.7521;34.9567
"X120701";32.7518;34.9588
"X120750";32.7403;35.0783
"X120770";32.7372;35.0356
"X120790";32.7334;35.0232
"X120800";32.7301;35.0075
"X120850";32.7176;35.0674
"X120860";32.7013;34.9717
"X120870";32.699;34.989
"X120900";32.7057;34.9389
"X120920";32.6827;34.9342
"X120950";32.6895;34.9427
"X121000";32.6946;35.0408
"X121030";32.6941;35.0408
"X121050";32.6771;34.953
"X121051";32.6743;34.9538
"X121055";32.6808;34.9594
"X121056";32.6808;34.9594
"X121100";32.6794;34.9307
"X121110";32.671;34.9651
"X121120";32.6625;34.9551
"X121140";32.6476;34.9955
"X121141";32.6453;34.9895
"X121142";32.6464;34.9906
"X121150";32.639;34.9332
"X121200";32.6441;34.9894
"X121230";32.6382;35.0078
"X121250";32.6236;34.9816
"X121251";32.6182;34.9828
"X121300";32.6146;34.9194
"X121350";32.6121;35.0969
"X121360";32.6071;34.9461
"X121370";32.5993;34.9514
"X121400";32.5962;35.0043
"X121450";32.5994;35.0551
"X121455";32.6001;35.0595
"X121500";32.5918;35.0796
"X121540";32.6028;35.0964
"X121541";32.6028;35.0964
"X121550";32.5941;35.0995
"X121590";32.5841;34.9793
"X121600";32.5921;34.9706
"X121601";32.5933;34.9704
"X121602";32.5933;34.9705
"X121610";32.5712;34.9379
"X121630";32.5756;34.936
"X121635";32.5748;34.928
"X121650";32.5695;34.9398
"X121651";32.5681;34.941
"X121700";32.5707;34.9523
"X121702";32.5724;34.9546
"X121703";32.5733;34.9526
"X121704";32.5756;34.9489
"X121705";32.5709;34.9458
"X121710";32.5443;34.9671
"X121750";32.5551;34.9143
"X121751";32.5551;34.9143
"X121800";32.5618;35.0239
"X121801";32.5615;35.0239
"X121850";32.558;35.0742
"X121851";32.5563;35.0726
"X121852";32.5564;35.0725
"X121870";32.5266;34.9165
"X121900";32.5228;35.0336
"X121950";32.5183;35.0038
"X121952";32.5201;35.0081
"X122000";32.5175;35.1536
"X122001";32.5192;35.1476
"X122002";32.5171;35.1561
"X122050";32.4956;34.9996
"X122097";32.5065;35.0041
"X122100";32.5047;35.0049
"X122120";32.5057;35.04
"X122150";32.5039;35.0794
"X122501";32.506;35.1497
"X122502";32.5044;35.147
"X130010";32.52;34.9432
"X130011";32.5172;34.9534
"X130020";32.5195;34.9469
"X130050";32.5018;34.8921
"X130070";32.5018;34.907
"X130071";32.5063;34.907
"X130098";32.4928;34.8911
"X130099";32.4928;34.8911
"X130100";32.4928;34.8911
"X130200";32.4876;34.9842
"X130220";32.4904;35.1177
"X130250";32.4749;34.9731
"X130350";32.4839;34.9699
"X130351";32.4767;34.972
"X130400";32.474;34.9678
"X130450";32.475;34.9901
"X130500";32.4813;35.0028
"X130501";32.4813;35.0028
"X130502";32.4831;35.0055
"X130550";32.4736;35.0302
"X130560";32.4608;35.044
"X130600";32.4625;34.97
"X130650";32.4591;34.975
"X130700";32.4722;34.9837
"X130750";32.4594;34.8987
"X130800";32.4568;34.9221
"X130850";32.4661;34.9981
"X130890";32.4659;35.0001
"X130900";32.4615;35.0082
"X130901";32.4655;35.0042
"X130950";32.457;35.0274
"X130970";32.4732;34.8815
"X130980";32.4666;34.888
"X130981";32.4726;34.8916
"X130990";32.4393;34.9081
"X131000";32.4548;34.957
"X131001";32.4527;34.9493
"X131002";32.454;34.9543
"X131003";32.4527;34.9493
"X131030";32.4524;35.0035
"X131050";32.4399;35.0476
"X131100";32.4369;34.92
"X131150";32.4353;34.9312
"X131170";32.4353;34.9312
"X131200";32.4155;35.0476
"X131201";32.4155;35.0466
"X131202";32.416;35.0481
"X131250";32.4071;34.8723
"X131280";32.3993;35.0328
"X131282";32.3991;35.0363
"X131290";32.4055;34.9924
"X131300";32.4027;34.9318
"X131350";32.3991;34.9233
"X131400";32.3958;34.9346
"X131450";32.3947;35.0094
"X131451";32.3947;35.0096
"X131470";32.3984;35.0413
"X131500";32.3918;34.9127
"X131501";32.3918;34.9127
"X131502";32.3903;34.912
"X131550";32.3907;34.9303
"X131551";32.3936;34.9309
"X131598";32.3877;34.9376
"X131599";32.3877;34.9376
"X131600";32.387;34.9415
"X131601";32.3865;34.9419
"X131640";32.3663;34.8588
"X131645";32.3793;34.8636
"X131650";32.38;34.8755
"X131700";32.3776;34.9836
"X131750";32.3848;35.0349
"X131751";32.3848;35.0349
"X131752";32.3865;35.0344
"X131760";32.3687;34.9915
"X131780";32.4249;34.9618
"X131800";32.3645;34.9065
"X131801";32.3641;34.9072
"X131850";32.3621;34.9234
"X131900";32.3594;34.9949
"X131950";32.3631;35.0282
"X132050";32.3548;34.9022
"X132100";32.3567;34.9341
"X132150";32.3515;35.0159
"X132151";32.3515;35.0159
"X132200";32.3484;34.8703
"X132201";32.3486;34.8706
"X132249";32.3404;34.9139
"X132250";32.3404;34.9139
"X132251";32.3426;34.9085
"X132300";32.3419;34.8539
"X132301";32.339;34.8645
"X132302";32.3235;34.8632
"X132350";32.3313;34.8534
"X132400";32.3287;34.8545
"X132430";32.3231;34.9766
"X132450";32.3257;35.0085
"X132470";32.3289;34.8802
"X132475";32.329;34.8816
"X132500";32.3279;34.9602
"X132550";32.3262;35.0085
"X132551";32.3255;35.0072
"X132600";32.3143;34.8965
"X132601";32.3143;34.8964
"X132650";32.3197;34.9289
"X132660";32.297;34.8589
"X132670";32.2954;34.9449
"X132700";32.2928;34.9008
"X132750";32.2849;34.8977
"X132850";32.2746;34.894
"X132900";32.2817;34.9126
"X132905";32.2817;34.9176
"X132950";32.2856;34.9813
"X133000";32.2691;34.8855
"X133050";32.2711;34.9673
"X133100";32.2676;35.0118
"X133101";32.2715;35.0013
"X133103";32.2667;35.0139
"X133150";32.2593;34.8649
"X133169";32.2421;34.8856
"X133170";32.2421;34.8856
"X133200";32.2629;34.9009
"X133250";32.2656;34.9343
"X133252";32.2692;34.9311
"X133260";32.26;34.8332
"X133299";32.2492;34.8421
"X133300";32.2492;34.8421
"X133301";32.2492;34.8421
"X133302";32.2472;34.8455
"X133350";32.2493;34.875
"X133399";32.252;34.8691
"X133400";32.252;34.8696
"X133450";32.253;34.9174
"X133500";32.2496;34.9317
"X133530";32.2405;35.014
"X133540";32.2424;35.049
"X133550";32.2386;34.9185
"X133551";32.2394;34.9132
"X133570";32.2328;34.9493
"X133600";32.2328;34.9493
"X133649";32.2277;34.8216
"X133650";32.2275;34.8243
"X133651";32.2275;34.8241
"X133700";32.223;34.8241
"X133740";32.2176;34.8231
"X133741";32.2176;34.8231
"X133742";32.2192;34.8216
"X133750";32.2185;34.8252
"X133751";32.2176;34.8263
"X133752";32.2176;34.8263
"X133753";32.2185;34.8263
"X133754";32.2191;34.8272
"X133770";32.2177;34.8761
"X133775";32.213;34.8917
"X133779";32.217;34.9377
"X133780";32.2178;34.9356
"X133781";32.2178;34.9356
"X133782";32.2155;34.9344
"X133800";32.2078;34.8929
"X133850";32.2123;34.9797
"X133870";32.2043;34.908
"X133871";32.2088;34.9044
"X133900";32.1986;34.8232
"X133950";32.2011;34.9185
"X133970";32.1989;34.9262
"X134000";32.1976;34.9504
"X134001";32.1961;34.9464
"X134040";32.1772;34.8964
"X134060";32.1878;34.8147
"X134100";32.1801;34.8185
"X134101";32.1818;34.8235
"X134110";32.1711;34.8162
"X134130";32.1779;34.8857
"X134150";32.1852;34.855
"X134200";32.1781;34.9123
"X134250";32.1715;34.9084
"X134255";32.1704;34.907
"X134265";32.1768;34.8853
"X134300";32.1662;34.8318
"X134350";32.1644;34.836
"X134351";32.1644;34.836
"X134400";32.1636;34.8763
"X134500";32.1655;34.8943
"X134550";32.1603;34.9031
"X134570";32.1593;34.9442
"X134575";32.1563;34.8488
"X134580";32.1534;34.9017
"X134600";32.1521;34.8851
"X134650";32.1548;34.9495
"X134651";32.1539;34.9537
"X134700";32.1509;34.8393
"X134730";32.1395;34.896
"X134731";32.143;34.9025
"X134750";32.1455;34.8435
"X134770";32.1346;34.8287
"X134771";32.1347;34.8311
"X134800";32.1368;34.9707
"X134801";32.1368;34.9706
"X134802";32.1369;34.9707
"X134803";32.1368;34.9707
"X134804";32.1398;34.969
"X134830";32.1257;35.0254
"X134840";32.13;34.8324
"X134850";32.1269;34.8261
"X134870";32.1229;34.8362
"X134880";32.1351;34.8473
"X134900";32.1143;34.9764
"X134940";32.1073;34.7842
"X134945";32.1073;34.7842
"X134950";32.1047;34.7791
"X135000";32.1063;34.9322
"X135010";32.1057;34.9317
"X135050";32.0976;34.7739
"X135100";32.0958;34.9001
"X135150";32.0941;34.9124
"X135160";32.1028;34.9247
"X135200";32.0873;34.8289
"X135250";32.0861;34.8819
"X135251";32.0874;34.8798
"X135252";32.0807;34.8862
"X135260";32.0874;34.8798
"X135270";32.0822;34.7802
"X135300";32.0821;34.7707
"X135350";32.0836;34.8194
"X135400";32.0805;34.8163
"X135450";32.0793;34.866
"X135451";32.0793;34.8659
"X135452";32.0797;34.8654
"X135496";32.0824;34.9372
"X135497";32.0826;34.9391
"X135498";32.0826;34.9391
"X135499";32.0826;34.9391
"X135500";32.0826;34.9391
"X135550";32.0735;34.771
"X135600";32.0732;34.7877
"X135650";32.0733;34.8216
"X135700";32.078;34.9254
"X135750";32.0641;34.7697
"X135800";32.0659;34.775
"X135850";32.0596;34.792
"X135900";32.0669;34.8089
"X135949";32.0518;34.9137
"X135950";32.0571;34.912
"X136000";32.0646;34.9402
"X136050";32.0593;34.9481
"X136051";32.0602;34.951
"X136070";32.065;34.8818
"X136072";32.0615;34.8923
"X136100";32.0653;34.8566
"X136200";32.0625;34.855
"X136250";32.0526;34.8492
"X136300";32.0536;34.8735
"X136320";32.058;34.7588
"X136329";32.055;34.7512
"X136330";32.0549;34.7511
"X136350";32.055;34.7565
"X136400";32.0528;34.7534
"X136450";32.0505;34.7528
"X136500";32.0427;34.8176
"X136501";32.0427;34.8175
"X136550";32.0492;34.9223
"X136580";32.0382;34.912
"X136600";32.0252;34.7434
"X136650";32.0318;34.7846
"X136670";32.0283;34.8736
"X136700";32.032;34.8884
"X136720";32.0239;34.9118
"X136725";32.0239;34.9118
"X136730";32.0172;34.7699
"X136735";32.0052;34.8941
"X136739";32.0073;34.8138
"X136740";32.0071;34.8138
"X136741";32.0073;34.8138
"X136750";32.0127;34.8445
"X136800";31.9915;34.8209
"X136848";31.995;34.897
"X136850";31.9955;34.897
"X136851";31.995;34.8981
"X136900";31.9959;34.897
"X136949";31.9872;34.8293
"X136950";31.9876;34.8293
"X136970";31.9762;34.9553
"X137000";31.9807;34.9235
"X137015";31.9797;34.7946
"X137020";31.9759;34.8023
"X137021";31.9793;34.8049
"X137040";31.9576;34.7401
"X137041";31.9576;34.7401
"X137050";31.9614;34.7967
"X137100";31.9614;34.803
"X137150";31.9637;34.8453
"X137200";31.9635;34.9141
"X137250";31.9581;34.9268
"X137251";31.9597;34.9292
"X137260";31.955;34.8672
"X137261";31.9501;34.8626
"X137299";31.9463;34.7751
"X137300";31.9461;34.7762
"X137301";31.946;34.7761
"X137350";31.934;34.7053
"X137351";31.9477;34.763
"X137400";31.9342;34.7767
"X137430";31.9303;34.8796
"X137450";31.9388;34.7841
"X137500";31.9262;34.7958
"X137501";31.9253;34.7979
"X137502";31.929;34.7993
"X137549";31.9222;34.8222
"X137550";31.9227;34.8233
"X137551";31.9263;34.8275
"X137600";31.93;34.8687
"X137650";31.9273;34.8751
"X137700";31.9153;34.7683
"X137748";31.9221;34.7731
"X137750";31.9214;34.7717
"X137751";31.9221;34.7731
"X137800";31.9165;34.8793
"X137850";31.9156;34.8931
"X137900";31.9017;34.7493
"X137950";31.9055;34.8054
"X138000";31.8983;34.8995
"X138050";31.895;34.7716
"X138100";31.8947;34.8117
"X138120";31.8923;34.804
"X138150";31.8883;34.7843
"X138200";31.8831;34.8572
"X138250";31.8771;34.7989
"X138270";31.8715;34.8165
"X138272";31.8703;34.8166
"X138280";31.8758;34.8223
"X138300";31.8704;34.851
"X138350";31.8664;34.7449
"X138370";31.8734;34.8588
"X138400";31.8685;34.8002
"X138401";31.8659;34.7997
"X138450";31.8679;34.869
"X138500";31.8548;34.7274
"X138510";31.8566;34.7612
"X138540";31.8551;34.8362
"X138550";31.8551;34.8404
"X138600";31.8414;34.7845
"X138650";31.8276;34.7233
"X138670";31.8314;34.7571
"X138698";31.8515;34.8435
"X138700";31.8515;34.8435
"X138760";31.825;34.7444
"X138780";31.8155;34.7403
"X138800";31.8152;34.7762
"X138850";31.8198;34.7962
"X138851";31.8198;34.7962
"X138870";31.8025;34.7509
"X138900";31.7982;34.8217
"X138920";31.7899;34.712
"X138946";31.791;34.805
"X138947";31.7756;34.8038
"X138948";31.7914;34.799
"X138949";31.7891;34.7995
"X138950";31.7891;34.7995
"X139000";31.7902;34.8084
"X140010";31.8382;34.6556
"X140020";31.8386;34.6527
"X140025";31.8342;34.6377
"X140040";31.8275;34.6527
"X140050";31.8265;34.6831
"X140100";31.8194;34.6947
"X140101";31.8191;34.6945
"X140150";31.8072;34.6673
"X140198";31.8166;34.7244
"X140199";31.816;34.7166
"X140200";31.8161;34.722
"X140201";31.8166;34.7244
"X140220";31.7908;34.7594
"X140249";31.7704;34.7172
"X140250";31.7704;34.7172
"X140251";31.7708;34.7204
"X140300";31.772;34.816
"X140400";31.7681;34.7793
"X140450";31.7552;34.6604
"X140470";31.7566;34.7669
"X140500";31.7575;34.7849
"X140550";31.7575;34.7849
"X140600";31.7442;34.6738
"X140620";31.7467;34.7923
"X140650";31.7442;34.8567
"X140670";31.7488;34.8884
"X140700";31.7398;34.6298
"X140702";31.7375;34.6287
"X140720";31.742;34.7867
"X140800";31.7325;34.7254
"X140801";31.7402;34.7264
"X140818";31.7467;34.7388
"X140819";31.7445;34.7375
"X140820";31.7402;34.7375
"X140850";31.7315;34.8355
"X140851";31.7315;34.8357
"X140852";31.7341;34.8359
"X140855";31.7319;34.6348
"X140900";31.7193;34.6352
"X140950";31.7229;34.7283
"X141000";31.7137;34.649
"X141050";31.7105;34.744
"X141100";31.7159;34.7587
"X141101";31.7159;34.7587
"X141102";31.7164;34.7626
"X141150";31.7017;34.6878
"X141200";31.7036;34.8463
"X141250";31.7007;34.7746
"X141255";31.7014;34.7774
"X141300";31.6936;34.5985
"X141350";31.697;34.7198
"X141397";31.6992;34.7282
"X141398";31.6961;34.7303
"X141399";31.692;34.7356
"X141400";31.6924;34.7356
"X141450";31.6986;34.7092
"X141520";31.6734;34.5567
"X141549";31.6712;34.6123
"X141550";31.6718;34.6128
"X141590";31.6627;34.547
"X141600";31.6664;34.5544
"X141620";31.6638;34.5704
"X141625";31.6668;34.5968
"X141650";31.6683;34.587
"X141651";31.6683;34.587
"X141700";31.6684;34.6029
"X141746";31.6585;34.6798
"X141747";31.6585;34.6798
"X141748";31.6596;34.6796
"X141749";31.6616;34.6841
"X141750";31.6625;34.6841
"X141800";31.6626;34.728
"X141850";31.6726;34.7557
"X141851";31.6695;34.7589
"X141852";31.6695;34.7589
"X141853";31.6722;34.759
"X141900";31.6709;34.7789
"X141920";31.6535;34.7052
"X141940";31.6447;34.532
"X141942";31.6394;34.5215
"X141950";31.6462;34.6779
"X142000";31.648;34.6821
"X142051";31.6464;34.7337
"X142070";31.6465;34.5959
"X142160";31.6301;34.7148
"X142200";31.6263;34.6664
"X142202";31.6254;34.6748
"X142203";31.6254;34.6748
"X142249";31.6296;34.7503
"X142250";31.6297;34.7503
"X142300";31.6286;34.7939
"X142302";31.6303;34.7913
"X142303";31.6303;34.7913
"X142348";31.6226;34.5761
"X142349";31.6221;34.5777
"X142350";31.6232;34.5831
"X142400";31.6237;34.6948
"X142420";31.6171;34.6148
"X142421";31.6171;34.6148
"X142450";31.6175;34.7265
"X142500";31.6248;34.7486
"X142550";31.6204;34.7707
"X142600";31.6077;34.5243
"X142650";31.6094;34.7139
"X142700";31.6132;34.7676
"X142749";31.6115;34.8024
"X142750";31.6085;34.8008
"X142780";31.6061;34.7903
"X142800";31.6044;34.5425
"X142801";31.6044;34.5425
"X142802";31.6044;34.5425
"X142898";31.5891;34.6129
"X142899";31.5918;34.6118
"X142900";31.59;34.6097
"X142920";31.6072;34.7004
"X142950";31.5942;34.7645
"X143000";31.5879;34.5565
"X143019";31.5785;34.6572
"X143020";31.5785;34.6572
"X143050";31.5744;34.7615
"X143052";31.5789;34.7627
"X143150";31.5614;34.5667
"X143160";31.5563;34.5682
"X143200";31.5552;34.6496
"X143220";31.5574;34.602
"X143221";31.5605;34.6102
"X143250";31.5636;34.7668
"X143350";31.5332;34.6111
"X143450";31.5213;34.5791
"X143451";31.5213;34.5796
"X143452";31.5215;34.5809
"X143453";31.5177;34.5767
"X143480";31.517;34.6144
"X143500";31.5151;34.4417
"X143550";31.5126;34.477
"X143570";31.516;34.5954
"X143600";31.5044;34.4639
"X143650";31.5043;34.4635
"X143700";31.5018;34.5634
"X143702";31.5016;34.5634
"X143750";31.5037;34.601
"X143800";31.4841;34.5314
"X143850";31.4751;34.4736
"X143950";31.4726;34.4947
"X143951";31.4722;34.5005
"X143952";31.4719;34.5001
"X144000";31.4706;34.5336
"X144001";31.4702;34.5358
"X144025";31.4833;34.6007
"X144030";31.4782;34.6016
"X144050";31.461;34.5003
"X144069";31.4539;34.5122
"X144070";31.4524;34.5138
"X144100";31.4496;34.5764
"X144101";31.4464;34.5754
"X144120";31.4327;34.5413
"X144150";31.4437;34.5717
"X144160";31.432;34.537
"X144180";31.424;34.6055
"X144200";31.4082;34.3585
"X144249";31.4231;34.4945
"X144250";31.4234;34.4919
"X144300";31.424;34.6055
"X144350";31.4103;34.4098
"X144400";31.3976;34.3627
"X144500";31.3854;34.4606
"X144505";31.3872;34.4596
"X144550";31.3836;34.4628
"X144570";31.3809;34.3219
"X144600";31.3748;34.3989
"X144602";31.3769;34.4018
"X144603";31.3748;34.3989
"X144604";31.3755;34.3961
"X144635";31.3538;34.274
"X144636";31.3538;34.2741
"X144637";31.3572;34.2854
"X144650";31.3437;34.3025
"X144700";31.3354;34.3959
"X144701";31.3354;34.3959
"X144702";31.3363;34.3975
"X144710";31.3318;34.404
"X144750";31.3112;34.4028
"X144800";31.301;34.4253
"X144805";31.3018;34.4261
"X144850";31.2965;34.2439
"X144865";31.2479;34.2591
"X144872";31.2716;34.3894
"X144873";31.2716;34.3894
"X144900";31.2368;34.359
"X144902";31.2383;34.3536
"X144950";31.2282;34.2835
"X144960";31.2;34.3657
"X210010";33.2825;35.5785
"X210050";33.28;35.5786
"X210060";33.279;35.5792
"X210061";33.2763;35.578
"X210062";33.279;35.5792
"X210100";33.2479;35.5489
"X210102";33.2474;35.5484
"X210103";33.2474;35.5484
"X210148";33.2403;35.5737
"X210149";33.2403;35.5737
"X210150";33.2403;35.5749
"X210151";33.2428;35.577
"X210160";33.2404;35.5696
"X210200";33.2336;35.5774
"X210250";33.2186;35.545
"X210251";33.2163;35.5429
"X210300";33.196;35.5449
"X210301";33.196;35.5449
"X210350";33.196;35.5449
"X210398";33.1257;35.5511
"X210399";33.1293;35.5533
"X210400";33.1293;35.5533
"X210430";33.1139;35.5559
"X210450";33.0996;35.5114
"X210451";33.0996;35.5114
"X210452";33.099;35.5092
"X210453";33.1008;35.5135
"X210500";33.0873;35.1734
"X210501";33.0873;35.1734
"X210502";33.0897;35.1767
"X210530";33.0829;35.2842
"X210549";33.08;35.2103
"X210550";33.0788;35.2103
"X210600";33.0807;35.5166
"X210601";33.0807;35.5166
"X210650";33.0778;35.4553
"X210679";33.0651;35.4522
"X210680";33.0646;35.4539
"X210700";33.0646;35.1585
"X210748";33.0653;35.2173
"X210750";33.063;35.221
"X210752";33.063;35.221
"X210753";33.0653;35.2173
"X210800";33.0565;35.4341
"X210801";33.0601;35.4331
"X210803";33.0511;35.4237
"X210900";33.049;35.3088
"X210901";33.0441;35.3152
"X210902";33.0441;35.3152
"X210950";33.0488;35.4862
"X210970";33.0514;35.4996
"X211000";33.0349;35.3242
"X211010";33.042;35.3566
"X211020";33.0383;35.2696
"X211030";33.0387;35.2864
"X211032";33.038;35.2847
"X211050";33.0286;35.3955
"X211051";33.0286;35.3955
"X211100";33.0198;35.1509
"X211150";33.0288;35.2531
"X211152";33.0263;35.2533
"X211200";33.0161;35.2638
"X211250";33.017;35.3468
"X211251";33.0161;35.3473
"X211253";33.0155;35.3444
"X211298";33.0049;35.2157
"X211299";33.0053;35.2173
"X211300";33.0053;35.2135
"X211320";33.0115;35.3901
"X211325";33.0115;35.39
"X211350";32.9959;35.2298
"X211400";32.9738;35.336
"X211401";32.9779;35.3368
"X211415";32.9918;35.312
"X211450";32.984;35.2513
"X211465";32.9793;35.2789
"X211470";32.9802;35.3098
"X211471";32.9802;35.3104
"X211472";32.9802;35.3104
"X211500";32.9769;35.3366
"X211600";32.9866;35.4416
"X211605";32.9905;35.4367
"X211700";32.9836;35.5036
"X211750";32.9788;35.5016
"X211780";32.9749;35.471
"X211782";32.9933;35.4762
"X211850";32.9707;35.4959
"X211890";32.98;35.507
"X211900";32.98;35.507
"X211920";32.962;35.3028
"X211940";32.9662;35.3685
"X211941";32.9634;35.3772
"X211950";32.9589;35.3841
"X211960";32.9596;35.3856
"X212000";32.9689;35.4933
"X212050";32.9684;35.5376
"X212100";32.9697;35.5355
"X212120";32.9702;35.5457
"X212121";32.9702;35.5457
"X212150";32.9566;35.1627
"X212168";32.9566;35.3269
"X212169";32.956;35.3288
"X212170";32.956;35.329
"X212171";32.956;35.3287
"X212200";32.9548;35.2125
"X212220";32.9439;35.2548
"X212230";32.9487;35.4243
"X212350";32.94;35.4432
"X212351";32.9362;35.4499
"X212352";32.9372;35.4559
"X212400";32.9352;35.3171
"X212450";32.9382;35.3639
"X212499";32.9363;35.4205
"X212500";32.9357;35.4208
"X212550";32.9446;35.4359
"X212600";32.9321;35.4338
"X212601";32.9322;35.433
"X212650";32.9291;35.5428
"X212651";32.9297;35.5427
"X212670";32.9131;35.5164
"X212690";32.9341;35.2713
"X212695";32.9295;35.2442
"X212696";32.9262;35.2428
"X212700";32.9206;35.2531
"X212701";32.9206;35.2531
"X212720";32.9124;35.3055
"X212721";32.9124;35.3055
"X212800";32.9195;35.3963
"X212802";32.9195;35.3963
"X212820";32.8985;35.4729
"X212830";32.9129;35.5521
"X212840";32.9058;35.3261
"X212845";32.8844;35.3015
"X212846";32.8845;35.3012
"X212850";32.8898;35.4048
"X212870";32.8806;35.4946
"X212900";32.8967;35.1756
"X212901";32.8967;35.1756
"X212950";32.8797;35.4981
"X212975";32.8764;35.2445
"X212980";32.8777;35.2707
"X212990";32.8764;35.1847
"X213000";32.8655;35.2958
"X213005";32.8655;35.2926
"X213010";32.8571;35.2792
"X213049";32.8628;35.3642
"X213050";32.8628;35.3642
"X213052";32.8621;35.3741
"X213053";32.8621;35.3741
"X213054";32.8627;35.3741
"X213070";32.8516;35.4066
"X213071";32.8514;35.4063
"X213095";32.8566;35.1932
"X213100";32.8512;35.2071
"X213101";32.8512;35.2071
"X213119";32.8456;35.3666
"X213120";32.8461;35.3705
"X213130";32.8456;35.3603
"X213150";32.8515;35.3385
"X213160";32.8487;35.2479
"X213165";32.8443;35.2528
"X213170";32.8367;35.2723
"X213171";32.8367;35.2723
"X213172";32.8376;35.2716
"X213173";32.8376;35.2718
"X213180";32.8381;35.2007
"X213200";32.8393;35.3988
"X213201";32.834;35.4005
"X213210";32.8437;35.4234
"X213211";32.8437;35.4234
"X213212";32.8442;35.4229
"X213220";32.8272;35.2514
"X213221";32.8268;35.253
"X213240";32.8272;35.232
"X213250";32.8101;35.2605
"X213350";32.813;35.4869
"X213400";32.8061;35.1697
"X213401";32.8052;35.1708
"X213450";32.7998;35.5044
"X213451";32.7999;35.5001
"X213500";32.7896;35.2637
"X213550";32.7988;35.3048
"X213598";32.7878;35.4406
"X213599";32.7878;35.4407
"X213600";32.786;35.4388
"X213650";32.7913;35.5082
"X213651";32.7895;35.5082
"X213652";32.7904;35.5108
"X213679";32.7817;35.3299
"X213680";32.7803;35.3299
"X213681";32.7806;35.3275
"X213700";32.7771;35.3779
"X213702";32.7771;35.3779
"X213750";32.7734;35.4238
"X213770";32.7745;35.1666
"X213775";32.7604;35.1766
"X213780";32.7682;35.2477
"X213800";32.7682;35.2434
"X213850";32.7543;35.4076
"X213851";32.7543;35.4076
"X213880";32.7622;35.5366
"X213881";32.7655;35.5331
"X213894";32.758;35.2982
"X213895";32.7581;35.2982
"X213900";32.7497;35.2359
"X213901";32.7492;35.2362
"X213905";32.7569;35.2231
"X213950";32.7528;35.2786
"X214000";32.7492;35.2786
"X214050";32.7474;35.3394
"X214052";32.7444;35.346
"X214100";32.75;35.4227
"X214101";32.7525;35.4259
"X214140";32.7431;35.4797
"X214150";32.751;35.4784
"X214200";32.7439;35.5033
"X214201";32.7435;35.5037
"X214202";32.7433;35.5038
"X214250";32.7357;35.1911
"X214251";32.7323;35.1892
"X214252";32.7365;35.1917
"X214300";32.7456;35.2765
"X214301";32.7456;35.277
"X214400";32.7294;35.1474
"X214450";32.7294;35.1708
"X214451";32.7294;35.1708
"X214500";32.7335;35.5464
"X214550";32.7222;35.11
"X214580";32.7226;35.1357
"X214600";32.7213;35.1442
"X214649";32.7239;35.3543
"X214650";32.7239;35.3543
"X214700";32.7199;35.394
"X214701";32.7151;35.3945
"X214750";32.7235;35.4394
"X214790";32.7191;35.4689
"X214800";32.7255;35.4642
"X214810";32.7243;35.4755
"X214850";32.7177;35.2599
"X214900";32.7096;35.2967
"X214950";32.7129;35.4963
"X215000";32.7078;35.1239
"X215050";32.7019;35.2167
"X215051";32.706;35.2217
"X215100";32.7005;35.2722
"X215150";32.7001;35.286
"X215200";32.7005;35.2956
"X215250";32.7073;35.3063
"X215300";32.705;35.301
"X215350";32.7064;35.3223
"X215351";32.7054;35.3209
"X215400";32.7058;35.4065
"X215401";32.7008;35.4087
"X215402";32.7053;35.4069
"X215403";32.7053;35.4069
"X215450";32.7038;35.5063
"X215451";32.7056;35.5041
"X215452";32.703;35.505
"X215454";32.6978;35.5101
"X215500";32.7073;35.5463
"X215530";32.7054;35.4056
"X215550";32.6914;35.3735
"X215600";32.6951;35.4356
"X215601";32.6951;35.4357
"X215650";32.6891;35.2773
"X215660";32.6893;35.2844
"X215700";32.6834;35.3255
"X215701";32.6798;35.3229
"X215740";32.6941;35.3948
"X215750";32.6864;35.422
"X215850";32.678;35.2391
"X215950";32.664;35.4471
"X215951";32.664;35.4463
"X215952";32.6639;35.4469
"X215953";32.6639;35.4466
"X215970";32.6562;35.415
"X215971";32.6562;35.415
"X216000";32.66;35.508
"X216020";32.6534;35.4755
"X216050";32.6464;35.3509
"X216060";32.652;35.5088
"X216070";32.6415;35.5247
"X216080";32.6425;35.4895
"X216100";32.639;35.449
"X216101";32.6362;35.4472
"X216150";32.5925;35.4915
"X216250";32.5909;35.5219
"X216255";32.5953;35.5189
"X220010";32.7014;35.1154
"X220015";32.6992;35.1106
"X220040";32.7036;35.1658
"X220048";32.7078;35.1784
"X220049";32.7078;35.1784
"X220050";32.707;35.1785
"X220100";32.6978;35.141
"X220101";32.6983;35.141
"X220102";32.7012;35.136
"X220130";32.6988;35.1794
"X220150";32.6916;35.2007
"X220200";32.6897;35.1954
"X220250";32.687;35.2349
"X220300";32.681;35.1515
"X220301";32.6807;35.1517
"X220302";32.6807;35.1517
"X220350";32.6796;35.2001
"X220400";32.6753;35.214
"X220450";32.6753;35.214
"X220500";32.6735;35.1558
"X220530";32.6676;35.2907
"X220550";32.6624;35.2563
"X220600";32.6642;35.2267
"X220601";32.6622;35.2265
"X220650";32.6576;35.3007
"X220651";32.6578;35.301
"X220652";32.6576;35.3012
"X220750";32.65;35.1133
"X220800";32.6465;35.1911
"X220850";32.65;35.2868
"X220900";32.6446;35.1197
"X220901";32.6449;35.1204
"X220950";32.6439;35.1991
"X220980";32.6427;35.2902
"X220981";32.6417;35.2903
"X221000";32.6316;35.1325
"X221050";32.6298;35.2956
"X221100";32.6248;35.3211
"X221110";32.6219;35.3231
"X221150";32.6212;35.3158
"X221200";32.6108;35.1421
"X221201";32.6117;35.1432
"X221202";32.611;35.1422
"X221250";32.6122;35.2028
"X221251";32.6122;35.2028
"X221252";32.6108;35.1996
"X221300";32.6095;35.2902
"X221350";32.6068;35.2833
"X221400";32.6081;35.2881
"X221450";32.6028;35.3075
"X221455";32.6028;35.3075
"X221500";32.606;35.3345
"X221520";32.5995;35.3147
"X221521";32.6036;35.3174
"X221550";32.594;35.2368
"X221600";32.5987;35.2763
"X221601";32.5987;35.2763
"X221602";32.5968;35.2774
"X221604";32.596;35.2769
"X221632";32.5907;35.4193
"X221633";32.5906;35.4193
"X221650";32.5874;35.4422
"X221700";32.5788;35.1782
"X221701";32.5779;35.1784
"X221705";32.5864;35.1864
"X221750";32.5553;35.2005
"X221751";32.5559;35.1986
"X221769";32.5635;35.2412
"X221770";32.5635;35.2412
"X221800";32.562;35.3201
"X221801";32.5602;35.3184
"X221850";32.5519;35.3089
"X221851";32.5519;35.3089
"X221890";32.5468;35.2651
"X221900";32.5527;35.2635
"X222000";32.5138;35.2945
"X222010";32.5152;35.3008
"X230050";32.565;35.3617
"X230051";32.5692;35.3577
"X230100";32.5684;35.3622
"X230150";32.567;35.3722
"X230200";32.5655;35.3714
"X230250";32.5638;35.3917
"X230251";32.5637;35.3917
"X230252";32.5639;35.392
"X230253";32.5622;35.388
"X230300";32.5611;35.3922
"X230330";32.5589;35.3626
"X230350";32.5496;35.355
"X230400";32.557;35.3998
"X230402";32.5588;35.3995
"X230403";32.5559;35.399
"X230450";32.5525;35.4408
"X230452";32.5496;35.4404
"X230453";32.5508;35.4417
"X230455";32.5476;35.3945
"X230456";32.5462;35.3945
"X230457";32.5454;35.394
"X230460";32.5476;35.3945
"X230500";32.5409;35.3593
"X230520";32.5287;35.26
"X230521";32.5319;35.2612
"X230530";32.5215;35.3231
"X230550";32.5262;35.4807
"X230600";32.5228;35.519
"X230601";32.5199;35.5208
"X230650";32.5178;35.4274
"X230702";32.5187;35.4327
"X230703";32.5157;35.4325
"X230750";32.5042;35.4544
"X230800";32.4965;35.4726
"X230850";32.4975;35.5031
"X230900";32.4816;35.4763
"X230950";32.4717;35.4775
"X231000";32.4679;35.4888
"X231001";32.4679;35.4889
"X240010";32.4851;35.2305
"X240050";32.4912;35.4007
"X240080";32.4772;35.4183
"X240082";32.4749;35.4212
"X240090";32.481;35.415
"X240100";32.4696;35.3557
"X240150";32.4616;35.3007
"X240200";32.4472;35.1693
"X240210";32.4381;35.4134
"X240212";32.4518;35.4223
"X240250";32.4075;35.2028
"X240300";32.4096;35.2806
"X240350";32.3875;35.3856
"X240400";32.3696;35.0722
"X240450";32.3759;35.155
"X240500";32.3478;35.2687
"X240550";32.3335;35.1089
"X240600";32.3217;35.3696
"X240650";32.305;35.0213
"X240700";32.3074;35.1168
"X240750";32.3024;35.1946
"X240850";32.2767;35.1944
"X240900";32.2838;35.3854
"X240950";32.271;35.295
"X241000";32.2614;35.1307
"X241005";32.264;35.1841
"X241040";32.2431;35.4522
"X241050";32.2145;35.275
"X241100";32.2226;35.2474
"X241110";32.239;35.3299
"X241135";32.2132;35.1593
"X241145";32.1951;35.264
"X241148";32.1746;35.2777
"X241150";32.1937;35.3725
"X241180";32.1751;35.3077
"X241181";32.1761;35.3097
"X241200";32.1802;35.1307
"X241220";32.1752;35.0959
"X241250";32.1766;35.0565
"X241260";32.1598;35.3513
"X241265";32.1536;35.3682
"X241275";32.1624;35.4235
"X241276";32.1645;35.424
"X241296";32.1013;35.396
"X241300";32.1306;35.1403
"X241360";32.1173;35.2507
"X241361";32.1195;35.2493
"X241380";32.1121;35.0381
"X241381";32.11;35.0316
"X241400";32.1144;35.0778
"X241410";32.1042;35.17
"X241412";32.1063;35.1774
"X241414";32.1056;35.2114
"X241430";32.0927;35.3423
"X241450";32.0821;35.1786
"X241460";32.0881;35.274
"X241470";32.0702;35.2945
"X241480";32.0692;35.3951
"X241485";32.0737;35.2672
"X241486";32.0698;35.2627
"X241487";32.0684;35.2622
"X241492";32.0536;35.3007
"X241497";32.0503;35.3415
"X241500";32.0467;35.0991
"X241520";32.0388;35.0499
"X241521";32.0371;35.048
"X241600";32.0282;35.0192
"X241640";32.0032;35.1217
"X241650";32.0033;35.2736
"X241700";31.9852;34.9563
"X241750";31.9701;35.1997
"X241800";31.9664;34.9934
"X241850";31.9656;35.2949
"X241860";31.961;35.3478
"X241861";31.9604;35.3485
"X241870";31.9519;35.2762
"X241900";31.9521;35.1489
"X241930";31.9575;35.2579
"X241932";31.9588;35.2593
"X241933";31.9538;35.2575
"X241950";31.9466;35.022
"X241960";31.9449;35.1499
"X241970";31.9333;34.9873
"X241975";31.9483;34.9776
"X241985";31.9396;35.2201
"X242000";31.9337;34.9313
"X242002";31.9338;34.9313
"X242010";31.9393;35.1305
"X242050";31.9178;35.2081
"X242150";31.9065;35.0601
"X242200";31.9043;35.1986
"X242250";31.9022;34.947
"X242300";31.9057;35.2155
"X242320";31.8984;35.2245
"X242340";31.8893;35.0234
"X242350";31.8923;34.9291
"X242400";31.8864;35.1695
"X242450";31.8769;34.9196
"X242500";31.8725;34.9439
"X242550";31.8698;34.983
"X242600";31.8697;34.9571
"X242690";31.8642;35.2173
"X242700";31.8645;35.2156
"X242769";31.8495;35.0368
"X242770";31.8545;35.0037
"X242772";31.8483;35.037
"X242800";31.8452;34.8729
"X242850";31.8416;34.9719
"X242851";31.842;34.9924
"X242852";31.8419;34.9928
"X242880";31.829;35.3011
"X242900";31.8344;35.233
"X242925";31.8311;35.0635
"X242950";31.8324;34.98
"X242951";31.8327;34.9802
"X243000";31.8339;35.3011
"X243021";31.8243;35.3304
"X243050";31.8238;34.8926
"X243100";31.8308;34.9544
"X243101";31.8302;34.9538
"X243110";31.8341;34.9616
"X243120";31.8404;34.9113
"X243150";31.8315;34.8838
"X243200";31.8187;34.8637
"X243250";31.8221;34.8999
"X243300";31.8186;35.112
"X243310";31.8187;35.1127
"X243330";31.8163;35.3974
"X243331";31.8122;35.3939
"X243349";31.8093;34.9489
"X243350";31.8093;34.9488
"X243400";31.8149;35.0244
"X243450";31.808;35.0819
"X243500";31.8098;35.1199
"X243501";31.8116;35.1169
"X243520";31.8123;35.1363
"X243530";31.81;35.1964
"X243550";31.8065;34.8739
"X243580";31.814;35.3924
"X243600";31.8056;34.9008
"X243650";31.7978;35.073
"X243700";31.8006;35.2345
"X243750";31.7949;34.9473
"X243798";31.7935;35.0333
"X243799";31.795;35.0378
"X243800";31.796;35.0371
"X243801";31.7955;35.0371
"X243850";31.7979;35.0628
"X243900";31.7956;35.1534
"X243950";31.7954;35.1557
"X244000";31.7902;35.2039
"X244050";31.7902;35.2145
"X244100";31.79;35.2298
"X244120";31.7898;35.2303
"X244150";31.7792;35.0099
"X244151";31.7815;35.0012
"X244200";31.7924;35.3359
"X244250";31.7929;35.2446
"X244350";31.7833;35.1192
"X244351";31.7842;35.1196
"X244352";31.7817;35.1221
"X244353";31.7878;35.1258
"X244354";31.7803;35.1203
"X244400";31.7853;35.1944
"X244450";31.7821;35.1902
"X244500";31.7808;35.1912
"X244600";31.7866;35.2173
"X244650";31.785;35.2174
"X244660";31.7853;35.2176
"X244680";31.7854;35.2172
"X244700";31.788;35.2282
"X244730";31.7806;35.2217
"X244731";31.7806;35.2217
"X244750";31.7848;35.2298
"X244800";31.7835;35.2219
"X244850";31.7808;35.236
"X244900";31.7807;35.2461
"X244950";31.776;34.9463
"X245000";31.7748;35.072
"X245005";31.7755;35.0707
"X245050";31.7794;35.0946
"X245051";31.7794;35.0946
"X245100";31.7798;35.1554
"X245130";31.7735;35.1807
"X245134";31.7719;35.1657
"X245135";31.7723;35.1662
"X245140";31.7771;35.1976
"X245150";31.7771;35.2219
"X245170";31.778;35.2308
"X245200";31.7776;35.225
"X245220";31.7744;35.2182
"X245350";31.7799;35.2261
"X245400";31.7744;35.2229
"X245450";31.7789;35.2451
"X245460";31.7735;35.2964
"X245462";31.774;35.2961
"X245463";31.7778;35.3002
"X245464";31.774;35.2961
"X245499";31.7625;34.9685
"X245500";31.7613;34.9665
"X245550";31.7652;34.9933
"X245600";31.7627;35.1342
"X245601";31.7627;35.1342
"X245700";31.7681;35.1627
"X245750";31.7687;35.1805
"X245780";31.7771;35.1965
"X245782";31.7704;35.1973
"X245800";31.7636;35.2092
"X245830";31.7667;35.2234
"X245831";31.7651;35.2212
"X245840";31.7704;35.2192
"X245850";31.7722;35.2293
"X245900";31.7711;35.2275
"X245950";31.7645;35.2234
"X246000";31.7703;35.2626
"X246020";31.7506;34.8841
"X246100";31.7511;35.1396
"X246150";31.7555;35.1828
"X246180";31.7511;35.1396
"X246200";31.7513;35.0377
"X246250";31.7478;35.0752
"X246300";31.738;35.2183
"X246350";31.7348;35.2108
"X246450";31.7275;35.1396
"X246500";31.7271;35.1723
"X246550";31.7248;34.9762
"X246551";31.7248;34.9762
"X246600";31.723;35.0604
"X246630";31.7159;35.087
"X246650";31.7223;35.1043
"X246700";31.712;34.9465
"X246710";31.723;35.1712
"X246750";31.7163;35.1886
"X246800";31.7048;35.2047
"X246850";31.7109;35.2023
"X246900";31.7032;35.2176
"X246950";31.7048;35.331
"X247000";31.6877;34.9824
"X247001";31.6877;34.9824
"X247002";31.6898;34.9744
"X247003";31.6898;34.9744
"X247020";31.6832;35.0225
"X247050";31.6812;34.9223
"X247100";31.6888;35.1712
"X247170";31.678;34.9349
"X247199";31.6714;34.9428
"X247200";31.6714;34.9447
"X247205";31.6581;35.1208
"X247206";31.6562;35.1262
"X247210";31.668;35.1264
"X247211";31.6679;35.1255
"X247212";31.6644;35.1233
"X247215";31.6577;35.1434
"X247220";31.6521;35.152
"X247230";31.6608;35.1085
"X247250";31.6482;34.875
"X247251";31.6487;34.8766
"X247300";31.6471;35.066
"X247350";31.65;35.1148
"X247370";31.65;35.1148
"X247400";31.646;35.1318
"X247410";31.6396;35.1412
"X247411";31.6414;35.1415
"X247412";31.6411;35.1415
"X247420";31.6325;34.9514
"X247449";31.6311;34.8482
"X247450";31.631;34.8479
"X247500";31.6211;35.1027
"X247550";31.6139;34.8934
"X247600";31.6285;34.9525
"X247650";31.6175;35.1438
"X247651";31.6175;35.1438
"X247680";31.6084;35.1004
"X247700";31.6068;34.8867
"X247750";31.6072;34.8962
"X247800";31.602;34.8114
"X247881";31.5968;35.2297
"X247900";31.5782;35.1075
"X247950";31.5638;34.8416
"X247990";31.5453;35.1179
"X248000";31.5356;34.9138
"X248001";31.5324;34.9149
"X248002";31.5324;34.9149
"X248010";31.5288;34.9306
"X248050";31.5369;34.9133
"X248100";31.5363;35.0944
"X248130";31.5282;35.1039
"X248150";31.5282;35.1018
"X248200";31.5192;35.1681
"X248250";31.5074;35.025
"X248260";31.4935;34.9832
"X248290";31.4324;34.8851
"X248300";31.4122;34.8253
"X248301";31.4122;34.8253
"X248302";31.4126;34.8224
"X248350";31.4111;34.9736
"X248360";31.4294;35.1841
"X248370";31.4153;35.1648
"X248375";31.3909;35.111
"X248396";31.3812;34.8729
"X248397";31.3812;34.8729
"X248398";31.3812;34.8729
"X248399";31.3827;34.8708
"X248400";31.3799;34.8675
"X248410";31.3732;34.8193
"X248470";31.384;35.1343
"X248480";31.3726;34.9547
"X250050";31.5462;34.7026
"X250070";31.5406;34.6679
"X250100";31.541;34.7622
"X250150";31.5099;34.6439
"X250151";31.5065;34.6478
"X250156";31.5036;34.648
"X250250";31.4974;34.7063
"X250350";31.4586;34.6241
"X250398";31.4463;34.7621
"X250399";31.4463;34.7621
"X250400";31.4463;34.7621
"X250600";31.4138;34.746
"X250700";31.4111;34.7448
"X250720";31.4084;34.7496
"X250750";31.397;34.6088
"X250800";31.3866;34.8544
"X250830";31.3734;34.8097
"X250850";31.3547;34.6322
"X250900";31.3527;34.4977
"X250949";31.3623;34.7183
"X250950";31.3623;34.7183
"X251011";31.3568;35.0662
"X251013";31.3523;35.0827
"X251015";31.35;35.1
"X251100";31.3309;34.5577
"X251120";31.3328;34.9443
"X251130";31.3378;35.0347
"X251131";31.3377;35.0345
"X251150";31.3287;34.5607
"X251200";31.3256;34.5882
"X251220";31.3248;34.859
"X251230";31.3331;34.9171
"X251250";31.3268;34.6507
"X251300";31.3395;34.6565
"X251350";31.3346;34.6659
"X251450";31.3261;34.6986
"X251451";31.3241;34.6989
"X251500";31.31;34.5222
"X251549";31.3064;34.5206
"X251550";31.3049;34.5245
"X251565";31.3016;34.9298
"X251569";31.25;35.1855
"X251570";31.2541;35.2102
"X251571";31.2552;35.2128
"X251589";31.2808;35.127
"X251598";31.2738;34.8491
"X251599";31.2737;34.8491
"X251600";31.2725;34.849
"X251690";31.2515;34.7995
"X251691";31.2515;34.7995
"X251699";31.2558;35.0664
"X251700";31.2558;35.0669
"X251750";31.2399;34.4083
"X251800";31.2392;34.7141
"X251850";31.2399;34.7893
"X251900";31.2307;34.7931
"X251950";31.2332;34.8129
"X251970";31.232;35.238
"X252002";31.2279;35.2039
"X252100";31.221;34.8114
"X252110";31.2256;34.8303
"X252150";31.2221;34.8849
"X252200";31.2105;34.4676
"X252250";31.217;35.0266
"X252295";31.2038;34.5356
"X252296";31.2004;34.5357
"X252300";31.2036;34.5355
"X252301";31.2036;34.5347
"X252304";31.205;34.9227
"X252305";31.205;34.9227
"X252330";31.1677;34.798
"X252335";31.1678;34.8305
"X252428";31.0708;34.8513
"X252430";31.0723;34.8508
"X252431";31.0708;34.8513
"X252433";31.0692;35.1987
"X252434";31.0656;35.1976
"X252435";31.0656;35.1976
"X252450";31.0636;35.031
"X252500";31.0448;34.7231
"X252502";31.0518;34.722
"X252505";31.0518;34.7221
"X252506";31.0468;34.7205
"X252550";31.0258;35.0636
"X252600";31.0152;34.7609
"X252700";31.0036;34.7882
"X252722";30.9882;34.9286
"X252730";30.9827;34.7079
"X252731";30.983;34.708
"X252750";30.9886;34.9286
"X252760";30.9722;34.9719
"X252769";31.0266;35.0909
"X252800";30.9145;35.0169
"X252843";30.9068;34.7761
"X252870";30.9084;34.7769
"X252900";30.8749;34.4604
"X252901";30.8749;34.4604
"X252915";30.8884;34.6249
"X252920";30.8886;34.6298
"X252925";30.8886;34.6266
"X252950";30.8748;34.4353
"X252960";30.8815;34.4078
"X253000";30.8702;34.795
"X253010";30.8702;34.795
"X253030";30.8544;34.783
"X253035";30.8436;35.0879
"X253050";30.7876;34.7712
"X253052";30.7877;34.7712
"X253450";30.8173;34.9474
"X253745";30.7912;34.4716
"X255595";30.6167;34.8033
"X255600";30.6167;34.8033
"X255630";30.6125;34.7967
"X256000";30.6112;34.8035
"X256001";30.6076;34.8004
"X256002";30.6094;34.8035
"X256003";30.6101;34.8046
"X258000";30.278;35.022
"X259132";30.0486;35.0241
"X259133";30.048;35.0233
"X259270";29.9511;34.9344
"X310050";33.2409;35.6084
"X310051";33.2407;35.6087
"X310080";33.24;35.6778
"X310081";33.2401;35.6778
"X310082";33.2413;35.679
"X310083";33.2478;35.6943
"X310093";33.2277;35.635
"X310094";33.2332;35.6384
"X310095";33.2318;35.6395
"X310097";33.2277;35.635
"X310098";33.2254;35.6337
"X310100";33.23;35.6395
"X310120";33.2457;35.6493
"X310150";33.2381;35.6545
"X310170";33.23;35.6481
"X310190";33.2221;35.6253
"X310191";33.2194;35.6246
"X310200";33.2226;35.5826
"X310300";33.2013;35.575
"X310349";33.1966;35.6586
"X310350";33.1966;35.6586
"X310351";33.1962;35.6588
"X310400";33.18;35.6221
"X310450";33.1872;35.6216
"X310550";33.1728;35.612
"X310551";33.1716;35.6133
"X310552";33.1716;35.6133
"X310600";33.1607;35.6
"X310601";33.1607;35.6
"X310603";33.1607;35.5923
"X310700";33.1664;35.6404
"X310701";33.1665;35.6576
"X310702";33.1626;35.6595
"X310703";33.166;35.5675
"X310750";33.1563;35.5705
"X310780";33.1504;35.6213
"X310799";33.1407;35.6462
"X310800";33.1407;35.6465
"X310900";33.1112;35.5746
"X310910";33.0967;35.6013
"X310970";33.0995;35.6372
"X311050";33.0579;35.6108
"X311070";33.0688;35.6022
"X311100";33.0516;35.6097
"X311150";33.0463;35.5647
"X311200";33.0228;35.5726
"X311201";33.0219;35.5742
"X311203";33.0224;35.5726
"X311204";33.0244;35.5735
"X311206";33.0244;35.5735
"X311208";33.0183;35.5696
"X311250";33.0165;35.6208
"X311251";33.0176;35.6212
"X311300";33.003;35.5996
"X311350";33.0132;35.6298
"X311450";32.9882;35.57
"X311500";32.9743;35.6032
"X311501";32.9741;35.6018
"X311510";32.9678;35.5911
"X311550";32.9286;35.5776
"X311650";32.9122;35.6006
"X311655";32.8833;35.5792
"X311656";32.8833;35.5792
"X311660";32.88;35.6504
"X311700";32.9038;35.5673
"X320050";32.8714;35.549
"X320060";32.8696;35.5357
"X320099";32.8502;35.5245
"X320100";32.8489;35.5254
"X320101";32.8462;35.5244
"X320150";32.8392;35.5069
"X320200";32.7963;35.5333
"X320220";32.7894;35.5412
"X320250";32.7846;35.6373
"X320300";32.7677;35.5492
"X320315";32.7672;35.5503
"X320350";32.7275;35.6248
"X320400";32.7208;35.5645
"X320405";32.7208;35.5645
"X320448";32.7153;35.5618
"X320449";32.7154;35.5612
"X320450";32.7136;35.5623
"X320500";32.7095;35.5738
"X320502";32.7091;35.5748
"X320550";32.7123;35.575
"X320600";32.7049;35.5656
"X320650";32.6979;35.5761
"X320700";32.7039;35.5901
"X320702";32.7024;35.5839
"X320703";32.7024;35.5839
"X320750";32.7062;35.6177
"X320751";32.7061;35.6177
"X320770";32.7063;35.6007
"X320800";32.6865;35.5728
"X320801";32.688;35.5736
"X320850";32.6856;35.606
"X320900";32.6833;35.6008
"X320901";32.6833;35.6008
"X321000";32.6833;35.5784
"X321002";32.6806;35.5792
"X321010";32.6748;35.5841
"X321050";32.6595;35.5546
"X321051";32.6692;35.5587
"X321099";32.6585;35.5823
"X321100";32.6585;35.5791
"X321148";32.6644;35.5823
"X321150";32.663;35.5823
"X321200";32.6297;35.5769
"X321250";32.6192;35.5534
"X321300";32.5889;35.553
"X321301";32.5882;35.5522
"X321350";32.5729;35.5521
"X321380";32.5648;35.5649
"X321400";32.5585;35.5521
"X321450";32.5485;35.5386
"X321451";32.5485;35.5386
"X321500";32.4923;35.5316
"X321550";32.4954;35.5492
"X321551";32.4954;35.5492
"X321552";32.4931;35.5522
"X321600";32.467;35.5395
"X321650";32.4707;35.5013
"X321700";32.4593;35.5581
"X321701";32.4577;35.55381
"X321750";32.4498;35.5357
"X321800";32.4396;35.5112
"X321802";32.439;35.5106
"X321803";32.439;35.5106
"X321850";32.4222;35.5258
"X321900";32.4237;35.5139
"X322100";32.3665;35.5142
"X322101";32.3665;35.5142
"X322102";32.3647;35.5152
"X322150";32.3366;35.5182
"X322550";32.1975;35.4383
"X322650";32.1735;35.522
"X322651";32.1741;35.5242
"X322655";32.1618;35.5218
"X322656";32.1582;35.5177
"X322670";32.1618;35.5251
"X322799";32.1407;35.4852
"X323000";32.0997;35.4984
"X323255";32.043;35.4454
"X323400";32.0015;35.4505
"X323401";32.0015;35.4505
"X323402";31.9973;35.4509
"X323403";31.9973;35.4509
"X330150";31.8741;35.541
"X330200";31.8563;35.4596
"X330210";31.8052;35.501
"X330240";31.803;35.4584
"X330250";31.8002;35.5355
"X330300";31.7821;35.528
"X330350";31.7628;35.4984
"X330351";31.7672;35.4983
"X330352";31.766;35.5005
"X330370";31.7496;35.466
"X330380";31.7613;35.4937
"X330381";31.7603;35.4907
"X330455";31.7166;35.4512
"X330800";31.5894;35.3925
"X330810";31.5881;35.3916
"X330815";31.5903;35.3925
"X330880";31.5624;35.4014
"X330940";31.4699;35.3944
"X330950";31.4699;35.3944
"X331000";31.4542;35.387
"X331001";31.4524;35.3817
"X331105";31.416;35.378
"X331200";31.4171;35.3799
"X331210";31.42;35.3871
"X331215";31.4171;35.3799
"X331470";31.3117;35.3625
"X331800";31.2017;35.3603
"X332150";31.1525;35.3649
"X332500";31.0717;35.3978
"X334000";31.0303;35.3642
"X335500";31.024;35.3736
"X337000";31.0306;35.3919
"X337001";31.0306;35.3919
"X340500";30.8085;35.2447
"X340525";30.7751;35.2388
"X340526";30.7751;35.2388
"X340528";30.7787;35.2389
"X340530";30.7749;35.2388
"X340531";30.7749;35.2388
"X340534";30.7787;35.2389
"X341350";30.6624;35.2373
"X341400";30.6164;35.191
"X341410";30.6141;35.1846
"X342500";30.3602;35.1561
"X342502";30.3697;35.1589
"X342503";30.3697;35.1589
"X342506";30.3655;35.1479
"X342507";30.3655;35.1479
"X343200";30.3074;35.1353
"X344995";29.8978;35.0575
"X345000";29.8955;35.06
"X345005";29.8851;35.0771
"X345006";29.8851;35.0771
"X345900";29.7601;34.9858
"X345902";29.7574;34.9847
"X347000";29.5887;34.9449
"X347700";29.5526;34.9542
"X347702";29.5526;34.952
"X347704";29.5526;34.952
"X347750";29.5017;34.9168
"X348600";29.5494;34.9537
"X2311570";32.9385;35.7001
"X2311572";32.942;35.7009
"X2311620";32.9216;35.638
"X2311650";32.9081;35.6315
"X2311660";32.9081;35.6475
"X2320050";32.8918;35.6854
"X2320100";32.8505;35.6627
"X2320105";32.8476;35.6642
"X2320150";32.8223;35.6823
"X2320900";32.6826;35.6645
"X2488600";33.2718;35.7706
"X2488601";33.2691;35.7706
"X2488700";33.2629;35.7427
"X2488706";33.2612;35.741
"X2488708";33.2625;35.7411
"X2488800";33.2516;35.7126
"X2488900";33.2342;35.7592
"X2489600";33.1819;35.7702
"X2490000";33.1395;35.7323
"X2492055";33.0602;35.7355
"X2492056";33.0602;35.7355
"X2492100";33.0489;35.7216
"X2492250";33.0297;35.6827
"X2492300";33.0296;35.707
"X2492350";33.0169;35.7101
"X2492400";33.014;35.655
"X2492450";33.0127;35.6422
"X2492480";33.0118;35.6512
"X2492510";33.0107;35.6876
"X2492700";32.9864;35.6918
"X2492702";32.9885;35.7116
"X2492950";32.9377;35.6596
"X2493300";32.9374;35.7956
"X2493301";32.9368;35.7944
"X2493330";32.9052;35.7487
"X2493350";32.9052;35.7487
"X2494350";32.8475;35.8149
"X2494351";32.8452;35.8117
"X2494352";32.8427;35.8079
"X2494353";32.8447;35.8113
"X2494451";32.8336;35.786
"X2494452";32.8327;35.787
"X2494500";32.8167;35.7229
"X2494550";32.8174;35.7622
"X2494551";32.8174;35.7622
"X2494552";32.8174;35.7622
"X2494553";32.8174;35.7622
"X2494615";32.8076;35.7399
"X2494616";32.8068;35.7335
"X2494620";32.8022;35.7463
"X2494650";32.7988;35.6822
"X2494652";32.7988;35.6822
"X2494660";32.797;35.6886
"X2494661";32.799;35.691
"X2494680";32.7879;35.6941
"X2494700";32.7922;35.7644
"X2494739";32.7988;35.6843
"X2494740";32.7744;35.7024
"X2494760";32.778;35.6992
"X2494770";32.7792;35.6997
"X2494800";32.76;35.6645
"X2494950";32.7349;35.6531
"X2494955";32.7329;35.6541
"X2494956";32.7358;35.6531
"X2496028";33.1288;35.8045
"X2496029";33.1312;35.8056
"X2496030";33.1312;35.8056
"X2496050";33.1246;35.8211
"X2496060";33.1264;35.819
"X2496061";33.1264;35.819
"X2496100";33.1294;35.684
"X2496101";33.1337;35.6832
"X2496200";33.095;35.7952
"X2496204";33.0959;35.7941
"X2496205";33.0941;35.7952
"X2496260";33.0838;35.7589
"X2496261";33.0865;35.7599
"X2496320";33.0708;35.7699
"X2496350";33.0677;35.7597
"X2496400";33.051;35.7564
"X2496430";33.0515;35.8335
"X2496500";33.0435;35.8368
"X2496501";33.0432;35.8376
"X2496600";32.9812;35.8105
"X2496700";33.0038;35.816
"X2496900";32.9558;35.8713
"X2497300";32.8928;35.8382
